ProteinID,Virus,ComplexCount,lncRNACount,miRNACount,ComplexPercentage,lncRNAPercentage,miRNAPercentage
YP_009724390.1 surface glycoprotein [Wuhan seafood market pneumonia virus],COVID-19,845,21824,19315,0.502378121,0.217128303,0.628723023
YP_009724395.1 ORF7a protein [Wuhan seafood market pneumonia virus],COVID-19,3,241,335,0.001783591,0.002397724,0.010904593
YP_009724396.1 ORF8 protein [Wuhan seafood market pneumonia virus],COVID-19,102,23985,181,0.060642093,0.238628223,0.005891735
YP_009724391.1 ORF3a protein [Wuhan seafood market pneumonia virus],COVID-19,0,0,0,0,0,0
YP_009724394.1 ORF6 protein [Wuhan seafood market pneumonia virus],COVID-19,107,17710,9,0.063614744,0.176197867,0.000292959
YP_009724393.1 membrane glycoprotein [Wuhan seafood market pneumonia virus],COVID-19,6,747,0,0.003567182,0.007431948,0
YP_009724397.2 nucleocapsid phosphoprotein [Wuhan seafood market pneumonia virus],COVID-19,72,3910,4,0.042806183,0.038900828,0.000130204
YP_009724392.1 envelope protein [Wuhan seafood market pneumonia virus],COVID-19,4,190,15,0.002378121,0.001890322,0.000488265
YP_009725255.1 ORF10 protein [Wuhan seafood market pneumonia virus],COVID-19,9,6619,48,0.005350773,0.065852833,0.001562449
YP_009724389.1 orf1ab polyprotein [Wuhan seafood market pneumonia virus],COVID-19,769,92625,22492,0.457193817,0.921531757,0.732137626
YP_009725296.1 ORF7b [Wuhan seafood market pneumonia virus],COVID-19,58,922,31,0.034482759,0.009173034,0.001009082
YP_009725295.1 orf1a polyprotein [Wuhan seafood market pneumonia virus],COVID-19,1486,99972,30232,0.883472057,0.994627507,0.984082549
NP_073549.1 replicase polyprotein 1ab [Human coronavirus 229E],229E,559,72850,12601,0.332342449,0.72478908,0.41017545
NP_073550.1 replicase polyprotein 1a [Human coronavirus 229E],229E,218,19614,3162,0.12960761,0.195140879,0.102926337
NP_073551.1 surface glycoprotein [Human coronavirus 229E],229E,11,391,446,0.006539834,0.003890083,0.014517757
NP_073552.1 4a protein [Human coronavirus 229E],229E,4,151,0,0.002378121,0.001502308,0
NP_073553.1 4b protein [Human coronavirus 229E],229E,16,15428,152,0.009512485,0.15349411,0.004947756
NP_073554.1 envelope protein [Human coronavirus 229E],229E,41,14459,202,0.024375743,0.14385347,0.006575307
NP_073555.1 membrane protein [Human coronavirus 229E],229E,2,2174,0,0.001189061,0.021629258,0
NP_073556.1 nucleocapsid protein [Human coronavirus 229E],229E,53,2825,0,0.031510107,0.028106097,0
YP_009047202.1 1ab polyprotein [Middle East respiratory syndrome-related coronavirus],MERS,162,12767,2423,0.096313912,0.127019659,0.07887113
YP_009047203.1 1A polyprotein [Middle East respiratory syndrome-related coronavirus],MERS,540,52532,12259,0.321046373,0.522644062,0.399043
YP_009047204.1 spike glycoprotein [Middle East respiratory syndrome-related coronavirus],MERS,648,65087,13566,0.385255648,0.647554521,0.441587188
YP_009047205.1 NS3 protein [Middle East respiratory syndrome-related coronavirus],MERS,0,0,0,0,0,0
YP_009047206.1 NS4A protein [Middle East respiratory syndrome-related coronavirus],MERS,5,743,0,0.002972652,0.007392152,0
YP_009047207.1 NS4B protein [Middle East respiratory syndrome-related coronavirus],MERS,23,2099,1,0.013674197,0.020883079,3.2551E-05
YP_009047208.1 NS5 protein [Middle East respiratory syndrome-related coronavirus],MERS,2,165,5,0.001189061,0.001641595,0.000162755
YP_009047209.1 envelope protein [Middle East respiratory syndrome-related coronavirus],MERS,1,0,0,0.00059453,0,0
YP_009047210.1 membrane protein [Middle East respiratory syndrome-related coronavirus],MERS,3,24,1,0.001783591,0.000238777,3.2551E-05
YP_009047211.1 nucleoprotein [Middle East respiratory syndrome-related coronavirus],MERS,41,21648,38,0.024375743,0.215377268,0.001236939
YP_009047212.1 ORF8b protein [Middle East respiratory syndrome-related coronavirus],MERS,4,64,0,0.002378121,0.00063674,0
YP_003766.2 replicase polyprotein 1ab [Human coronavirus NL63],NL63,264,30831,6903,0.156956005,0.306739494,0.224699717
YP_003767.1 Spike protein [Human coronavirus NL63],NL63,59,9476,604,0.035077289,0.0942773,0.019660818
YP_003768.1 protein 3 [Human coronavirus NL63],NL63,0,10,0,0,9.94906E-05,0
YP_003769.1 Envelope protein [Human coronavirus NL63],NL63,77,20131,800,0.045778835,0.200284543,0.026040819
YP_003770.1 Membrane protein [Human coronavirus NL63],NL63,0,0,3,0,0,9.76531E-05
YP_003771.1 Nucleocapsid protein [Human coronavirus NL63],NL63,9,247,0,0.005350773,0.002457418,0
YP_009555238.1 Orf1ab [Human coronavirus OC43],OC43,255,46220,4425,0.151605232,0.459845591,0.14403828
YP_009555239.1 ns2 [Human coronavirus OC43],OC43,1,3,0,0.00059453,2.98472E-05,0
YP_009555240.1 hemagglutinin-esterase [Human coronavirus OC43],OC43,0,3,0,0,2.98472E-05,0
YP_009555241.1 spike surface glycoprotein [Human coronavirus OC43],OC43,6,730,45,0.003567182,0.007262814,0.001464796
YP_009555242.1 ns12.9 [Human coronavirus OC43],OC43,3,6,0,0.001783591,5.96944E-05,0
YP_009555243.1 envelope protein [Human coronavirus OC43],OC43,1,1,0,0.00059453,9.94906E-06,0
YP_009555244.1 membrane protein [Human coronavirus OC43],OC43,74,22966,101,0.043995244,0.228490131,0.003287653
YP_009555245.1 nucleocapsid protein [Human coronavirus OC43],OC43,10,642,0,0.005945303,0.006387297,0
NP_828849.2 orf1ab polyprotein (pp1ab) [Severe acute respiratory syndrome-related coronavirus],SARS,261,63926,10839,0.155172414,0.636003661,0.352820546
NP_828850.1 orf1a polyprotein (pp1a) [Severe acute respiratory syndrome-related coronavirus],SARS,715,75341,18764,0.42508918,0.74957219,0.610787409
NP_828851.1 E2 glycoprotein precursor [Severe acute respiratory syndrome-related coronavirus],SARS,63,3808,1965,0.03745541,0.037886024,0.063962762
NP_828852.2 hypothetical protein sars3a [Severe acute respiratory syndrome-related coronavirus],SARS,3,1715,0,0.001783591,0.017062639,0
NP_828853.1 hypothetical protein sars3b [Severe acute respiratory syndrome-related coronavirus],SARS,8,7802,0,0.004756243,0.077622572,0
NP_828854.1 protein E [Severe acute respiratory syndrome-related coronavirus],SARS,0,12,0,0,0.000119389,0
NP_828855.1 matrix protein [Severe acute respiratory syndrome-related coronavirus],SARS,1,13,0,0.00059453,0.000129338,0
NP_828856.1 hypothetical protein sars6 [Severe acute respiratory syndrome-related coronavirus],SARS,129,6540,21,0.076694411,0.065066858,0.000683571
NP_828857.1 hypothetical protein sars7a [Severe acute respiratory syndrome-related coronavirus],SARS,0,0,0,0,0,0
NP_828858.1 nucleocapsid protein [Severe acute respiratory syndrome-related coronavirus],SARS,48,3829,4,0.028537455,0.038094954,0.000130204
NP_828859.1 hypothetical protein sars9b [Severe acute respiratory syndrome-related coronavirus],SARS,2,40,11,0.001189061,0.000397962,0.000358061
NP_849175.1 hypothetical protein sars7b [Severe acute respiratory syndrome-related coronavirus],SARS,3,110,0,0.001783591,0.001094397,0
NP_849176.1 hypothetical protein sars8a [Severe acute respiratory syndrome-related coronavirus],SARS,59,24676,126,0.035077289,0.245503025,0.004101429
NP_849177.1 hypothetical protein sars8b [Severe acute respiratory syndrome-related coronavirus],SARS,0,7,0,0,6.96434E-05,0
YP_006495800.1 PA-X protein [Influenza A virus (A/goose/Guangdong/1/1996(H5N1))],H5N1,33,2225,0,0.019619501,0.02213666,0
YP_308664.1 polymerase [Influenza A virus (A/goose/Guangdong/1/1996(H5N1))],H5N1,36,1890,0,0.021403092,0.018803725,0
YP_308665.1 polymerase [Influenza A virus (A/goose/Guangdong/1/1996(H5N1))],H5N1,2,1220,2,0.001189061,0.012137854,6.5102E-05
YP_308666.1 polymerase [Influenza A virus (A/goose/Guangdong/1/1996(H5N1))],H5N1,5,303,11,0.002972652,0.003014565,0.000358061
YP_308667.1 nucleocapsid protein [Influenza A virus (A/goose/Guangdong/1/1996(H5N1))],H5N1,1,76,0,0.00059453,0.000756129,0
YP_308668.1 neuraminidase [Influenza A virus (A/goose/Guangdong/1/1996(H5N1))],H5N1,3,94,0,0.001783591,0.000935212,0
YP_308669.1 hemagglutinin [Influenza A virus (A/goose/Guangdong/1/1996(H5N1))],H5N1,6,1297,16,0.003567182,0.012903932,0.000520816
YP_308670.1 matrix protein 2 [Influenza A virus (A/goose/Guangdong/1/1996(H5N1))],H5N1,6,10,1,0.003567182,9.94906E-05,3.2551E-05
YP_308671.1 matrix protein 1 [Influenza A virus (A/goose/Guangdong/1/1996(H5N1))],H5N1,7,1152,120,0.004161712,0.011461318,0.003906123
YP_308672.1 nonstructural protein 2 [Influenza A virus (A/goose/Guangdong/1/1996(H5N1))],H5N1,0,1290,0,0,0.012834288,0
YP_308673.1 nonstructural protein 1 [Influenza A virus (A/goose/Guangdong/1/1996(H5N1))],H5N1,0,35,0,0,0.000348217,0
YP_473348.1 PB1-F2 protein [Influenza A virus (A/goose/Guangdong/1/1996(H5N1))],H5N1,101,898,1,0.060047562,0.008934257,3.2551E-05
NP_040978.1 matrix protein 1 [Influenza A virus (A/Puerto Rico/8/1934(H1N1))],H1N1,1,6,6,0.00059453,5.96944E-05,0.000195306
NP_040979.2 matrix protein 2 [Influenza A virus (A/Puerto Rico/8/1934(H1N1))],H1N1,3,0,0,0.001783591,0,0
NP_040980.1 haemagglutinin [Influenza A virus (A/Puerto Rico/8/1934(H1N1))],H1N1,212,8170,3857,0.126040428,0.081283827,0.125549299
NP_040981.1 neuraminidase [Influenza A virus (A/Puerto Rico/8/1934(H1N1))],H1N1,12,124,735,0.007134364,0.001233684,0.023925002
NP_040982.1 nucleoprotein [Influenza A virus (A/Puerto Rico/8/1934(H1N1))],H1N1,0,65,12,0,0.000646689,0.000390612
NP_040983.1 nonstructural protein 2 [Influenza A virus (A/Puerto Rico/8/1934(H1N1))],H1N1,0,2570,11,0,0.025569086,0.000358061
NP_040984.1 nonstructural protein 1 [Influenza A virus (A/Puerto Rico/8/1934(H1N1))],H1N1,0,0,0,0,0,0
NP_040985.1 polymerase PB1 [Influenza A virus (A/Puerto Rico/8/1934(H1N1))],H1N1,3,680,3,0.001783591,0.006765361,9.76531E-05
NP_040986.1 polymerase PA [Influenza A virus (A/Puerto Rico/8/1934(H1N1))],H1N1,0,6,0,0,5.96944E-05,0
NP_040987.1 polymerase PB2 [Influenza A virus (A/Puerto Rico/8/1934(H1N1))],H1N1,9,313,0,0.005350773,0.003114056,0
YP_006495785.1 PA-X protein [Influenza A virus (A/Puerto Rico/8/1934(H1N1))],H1N1,3,22,0,0.001783591,0.000218879,0
YP_418248.1 PB1-F2 protein [Influenza A virus (A/Puerto Rico/8/1934(H1N1))],H1N1,5,107,0,0.002972652,0.00106455,0
YP_009173868.2 C0 uORF [Hepatitis B virus],HBV,41,2224,19,0.024375743,0.022126711,0.000618469
YP_009173867.1 X protein [Hepatitis B virus],HBV,0,55,0,0,0.000547198,0
YP_009173871.1 small envelope protein [Hepatitis B virus],HBV,45,22829,522,0.026753864,0.227127109,0.016991634
YP_009173870.1 middle envelope protein [Hepatitis B virus],HBV,51,34962,455,0.030321046,0.347839064,0.014810716
YP_009173869.1 large envelope protein [Hepatitis B virus],HBV,57,5421,816,0.033888228,0.053933859,0.026561635
YP_009173866.1 polymerase [Hepatitis B virus],HBV,11,952,75,0.006539834,0.009471506,0.002441327
YP_009173857.1 pre-capsid protein [Hepatitis B virus],HBV,30,1209,777,0.01783591,0.012028415,0.025292145
NP_671491.1 polyprotein [Hepatitis C virus genotype 1],HCV,1256,92523,26775,0.746730083,0.920516953,0.87155366
YP_009506357.1 polyprotein [Hepatitis C virus (isolate H77)],HCV,1105,85406,24789,0.656956005,0.849709487,0.806907327
NP_803170.1 protein F [Hepatitis C virus genotype 1],HCV,19,4249,6,0.011296076,0.042273559,0.000195306
